{
    "MAE": 0.8677279752704788,
    "RMSE": 1.4531657069550499,
    "R2": -0.05936073285580945,
    "MAPE": 67.26771777411031
}