{
    "MAE": 0.43713428850483754,
    "RMSE": 0.8339517513755333,
    "R2": 0.6511044420038661,
    "MAPE": 27.823063223846017,
    "cv_r2_mean": 0.7925487274111884,
    "cv_r2_std": 0.023516198148804977
}