{
    "MAE": 0.3150507874253372,
    "RMSE": 0.539515753290375,
    "R2": 0.8539768037429827,
    "MAPE": 20.03868691924558,
    "cv_r2_mean": 0.8641759914693665,
    "cv_r2_std": 0.020502548481471677
}