{
    "MAE": 0.31505078742533715,
    "RMSE": 0.5395157532903752,
    "R2": 0.8539768037429827,
    "MAPE": 20.038686919245578,
    "cv_r2_mean": 0.8641759914693665,
    "cv_r2_std": 0.020502548481471677
}