{
    "MAE": 0.43757892513229446,
    "RMSE": 0.8357863760897956,
    "R2": 0.6495676708718183,
    "MAPE": 27.826288403173997,
    "cv_r2_mean": 0.7925903609524168,
    "cv_r2_std": 0.023556079104348836
}